{
  "IcoMoonType": "selection",
  "icons": [
    {
      "icon": {
        "paths": [
          "M1237.333 0h-1109.333c-70.571 0-128 57.429-128 128v768c0 70.571 57.429 128 128 128h1109.333c70.571 0 128-57.429 128-128v-768c0-70.571-57.429-128-128-128zM1237.333 85.333c5.803 0 11.349 1.195 16.384 3.328l-571.051 494.933-571.051-494.933c4.836-2.091 10.465-3.313 16.378-3.328l0.006-0h1109.333zM1237.333 938.667h-1109.333c-23.564 0-42.667-19.103-42.667-42.667v0-717.227l569.344 493.483c7.448 6.5 17.256 10.464 27.989 10.464s20.541-3.963 28.040-10.507l-0.051 0.043 569.344-493.483v717.227c0 23.564-19.103 42.667-42.667 42.667v0z"
        ],
        "attrs": [
          {
            "fill": "rgb(33, 150, 243)"
          }
        ],
        "width": 1365,
        "isMulticolor": false,
        "isMulticolor2": false,
        "grid": 0,
        "tags": [
          "mail"
        ],
        "colorPermutations": {
          "1171171171331502431": [
            {
              "f": 1
            }
          ]
        }
      },
      "attrs": [
        {
          "fill": "rgb(33, 150, 243)"
        }
      ],
      "properties": {
        "order": 4,
        "id": 1,
        "name": "mail",
        "prevSize": 32
      },
      "setIdx": 0,
      "setId": 8,
      "iconIdx": 0
    },
    {
      "icon": {
        "paths": [
          "M544 0h-448c-52.928 0-96 43.072-96 96v832c0 52.928 43.072 96 96 96h448c52.928 0 96-43.072 96-96v-832c0-52.928-43.072-96-96-96zM96 64h448c17.673 0 32 14.327 32 32v0 672h-512v-672c0-17.673 14.327-32 32-32v0zM544 960h-448c-17.673 0-32-14.327-32-32v0-96h512v96c0 17.673-14.327 32-32 32v0z",
          "M150.656 879.296c5.767 5.232 9.374 12.755 9.374 21.12s-3.607 15.888-9.35 21.099l-0.024 0.021c-5.952 5.449-13.914 8.787-22.656 8.787s-16.704-3.339-22.681-8.81l0.025 0.023c-5.767-5.232-9.374-12.755-9.374-21.12s3.607-15.888 9.35-21.099l0.024-0.021c5.952-5.449 13.914-8.787 22.656-8.787s16.704 3.339 22.681 8.81l-0.025-0.023z"
        ],
        "attrs": [
          {
            "fill": "rgb(117, 117, 117)"
          },
          {
            "fill": "rgb(117, 117, 117)"
          }
        ],
        "width": 640,
        "isMulticolor": false,
        "isMulticolor2": false,
        "grid": 0,
        "tags": [
          "phone"
        ],
        "colorPermutations": {
          "1171171171331502431": [
            {
              "f": 0
            },
            {
              "f": 0
            }
          ]
        }
      },
      "attrs": [
        {
          "fill": "rgb(117, 117, 117)"
        },
        {
          "fill": "rgb(117, 117, 117)"
        }
      ],
      "properties": {
        "order": 3,
        "id": 0,
        "name": "phone",
        "prevSize": 32
      },
      "setIdx": 0,
      "setId": 8,
      "iconIdx": 1
    }
  ],
  "height": 1024,
  "preferences": {
    "showGlyphs": true,
    "showQuickUse": true,
    "showQuickUse2": true,
    "showSVGs": true,
    "fontPref": {
      "prefix": "icon-",
      "metadata": {
        "fontFamily": "icomoon"
      },
      "metrics": {
        "emSize": 1024,
        "baseline": 6.25,
        "whitespace": 50
      },
      "embed": false
    },
    "imagePref": {
      "prefix": "icon-",
      "png": false,
      "useClassSelector": true,
      "color": 0,
      "bgColor": 16777215,
      "classSelector": ".icon",
      "name": "icomoon",
      "height": 32,
      "columns": 16,
      "margin": 16
    },
    "historySize": 50,
    "showCodes": true,
    "gridSize": 16
  }
}